insert into users (email, name, phone, ciudad, calle, numero, piso, puerta, banned, foto) values ('roxana@virtualtrade.com','roxana','667123678','Castelldefels','Arcadi Balaguer','50','1','2',false,'http://10.189.135.123/imgs/roxana_perfil.jpg');
insert into users (email, name, phone, ciudad, calle, numero, piso, puerta, banned, foto) values ('arnau@virtualtrade.com','arnau','686379165','La Pobla de Lillet','Tercero de coromines','8','3','9',false,'http://10.189.135.123/imgs/arnau_perfil.jpg');
insert into users (email, name, phone, ciudad, calle, numero, piso, puerta, banned, foto) values ('joan@virtualtrade.com','joan','617646696','Ciutadella de Menorca','General Quadrado','5','2','7',false,'http://10.189.135.123/imgs/joan_perfil.jpg');
insert into users (email, name, phone, ciudad, calle, numero, piso, puerta, banned, foto) values ('jose@virtualtrade.com','jose','686990896','Barcelona','Passeig de Gracia','16','4','2',true,'http://10.189.135.123/imgs/jose_perfil.jpg');
insert into users (email, name, phone, ciudad, calle, numero, piso, puerta, banned, foto) values ('alicia@virtualtrade.com','alicia','686374546','Barcelona','Carrer de Múrcia','19','1','2',true,'http://10.189.135.123/imgs/alicia_perfil.jpg');
insert into users (email, name, phone, ciudad, calle, numero, piso, puerta, banned, foto) values ('blas@virtualtrade.com','blas','698765436','Barcelona','Carrer del Clot','46','7','3',true,'http://10.189.135.123/imgs/blas_perfil.jpg');
insert into users (email, name, phone, ciudad, calle, numero, piso, puerta, banned, foto) values ('pedro@virtualtrade.com','pedro','612345671','Castelldefels','Carrer dr. Ferran','77','9','2',true,'http://10.189.135.123/imgs/pedro_perfil.jpg');
insert into users (email, name, phone, ciudad, calle, numero, piso, puerta, banned, foto) values ('maria@virtualtrade.com','maria','609876543','Castelldefels','Carrer Molinot','99','3','5',true,'http://10.189.135.123/imgs/maria_perfil.jpg');
insert into users (email, name, phone, ciudad, calle, numero, piso, puerta, banned, foto) values ('ester@virtualtrade.com','ester','676543210','Barcelona','Passeig Pitort','11','1','3',true,'http://10.189.135.123/imgs/ester_perfil.jpg');
insert into users (email, name, phone, ciudad, calle, numero, piso, puerta, banned, foto) values ('ana@virtualtrade.com','ana','686345696','Barcelona','Carrer Granada','2','2','2',true,'http://10.189.135.123/imgs/ana_perfil.jpg');


insert into anuncio (email,subject,content,estado,precio,atributo1,atributo2,atributo3,marca) values ('joan@virtualtrade.com','galaxy s3','samsung galaxy s3 en perfecto estado',true,270,'Electronica','Moviles y telefonia','moviles','Samsung');
insert into anuncio (email,subject,content,estado,precio,atributo1,atributo2,atributo3,marca) values ('joan@virtualtrade.com','zapatillas new balance','calzado running marca new balance número de pie 45',true,85,'deportes','atletismo','calzado','New balance');
insert into anuncio (email,subject,content,estado,precio,atributo1,atributo2,atributo3,marca) values ('arnau@virtualtrade.com','Vendo portátil', 'En venta portátil casi nuevo en perfecto estado, está como el primer día', true, 400,'Electronica','Informatica','Portatiles','HP');
insert into anuncio (email,subject,content,estado,precio,atributo1,atributo2,atributo3,marca) values ('arnau@virtualtrade.com','Vendo Bicicleta', 'En venta bicicleta de carretera en buen estado', true, 1200,'Deportes','Ciclismo','Bicicletas','Specialized');
insert into anuncio (email,subject,content,estado,precio,atributo1,atributo2,atributo3,marca) values ('arnau@virtualtrade.com','Vendo coche', 'En venta coche menos de 100000 kilómetros', true, 9200,'Motor','Coches','Coches','Seat');
insert into anuncio (email,subject,content,estado,precio,atributo1,atributo2,atributo3,marca) values ('arnau@virtualtrade.com','Vendo CD del Fary', 'En venta cd del Fary', true, 10,'Entretenimiento','Musica','CDs','Otros');
insert into anuncio (email,subject,content,estado,precio,atributo1,atributo2,atributo3,marca) values ('arnau@virtualtrade.com','Vendo mesa de salón', 'En venta mesa de salón hecha polvo quien la quiera no sabe lo que hace', true, 100,'Hogar','Muebles','Mesas y escritorios','Otros');
insert into anuncio (email,subject,content,estado,precio,atributo1,atributo2,atributo3,marca) values ('roxana@virtualtrade.com','Vendo batamanta','Es una comodísima y calentita Batamanta con dos brazos, que te permitirá utilizar las manos para realizar cualquier cosa mientras estás tapado.',true,20,'Hogar','Otros','Otros','Otros');
insert into anuncio (email,subject,content,estado,precio,atributo1,atributo2,atributo3,marca) values ('roxana@virtualtrade.com','Televisor SAMSUNG 22"','Televisión Samsung de 22 pulgadas muy nueva, pantalla plana, se ve de lujo',true,150,'Electronica','Imagen y Sonido','TV','Samsung');
insert into anuncio (email,subject,content,estado,precio,atributo1,atributo2,atributo3,marca) values ('roxana@virtualtrade.com','Mueble salón','FANTÁSTICO MUEBLE DE SALÓN MODULAR EN COLOR BLANCO NEGRO BRILLO CON EFECTO LACADO',true,110,'Hogar','Muebles','Muebles de salon','Otros');
insert into anuncio (email,subject,content,estado,precio,atributo1,atributo2,atributo3,marca) values ('roxana@virtualtrade.com','Vendo libro  El Lazarrillo de Tormes',' Ideal para estudiantes al ser una lectura obligatoria.',true,10,'Entretenimiento','Libros y Comics','Libros','Otros');
insert into anuncio (email,subject,content,estado,precio,atributo1,atributo2,atributo3,marca) values ('roxana@virtualtrade.com','Lámpara techo','Lampara Techo Nuevo Cromo Hojas de Vidrio Iluminacion Habitacion Salon Interior',true,40,'Hogar','Muebles','Iluminacion','Otros');
insert into anuncio (email,subject,content,estado,precio,atributo1,atributo2,atributo3,marca) values ('arnau@virtualtrade.com','Cómic Superman','Cómic de Superman en perfecto estado, primera edición',true,4000,'Entretenimiento','Libros y Comics','Comics','Otros');
insert into anuncio (email,subject,content,estado,precio,atributo1,atributo2,atributo3,marca) values ('arnau@virtualtrade.com','Cómic the Avengers','Cómic de los Vengadores en perfecto estado',true,25,'Entretenimiento','Libros y Comics','Comics','Otros');
insert into anuncio (email,subject,content,estado,precio,atributo1,atributo2,atributo3,marca) values ('jose@virtualtrade.com','Star Wars Pack','Star Wars Pack Star Wars:Saga completa en Blu-Ray, nuevo envuelto en su precinto original sin abrir, en un estado perfecto, las 6 películas, incluye las precuelas y la trilogía clásica',true,60,'Entretenimiento','DVD y Peliculas','DVDs','Otros');
insert into anuncio (email,subject,content,estado,precio,atributo1,atributo2,atributo3,marca) values ('jose@virtualtrade.com','Lavadora LG','Vendo una lavadora LG en muy buen estado, solo tiene 6 meses, la vendo porque me mudo de piso y no puedo llevarmela, no porque este en mal estado ni nada ',true,250,'Hogar','Electrodomesticos','Lavadoras y secadoras','LG');
insert into anuncio (email,subject,content,estado,precio,atributo1,atributo2,atributo3,marca) values ('jose@virtualtrade.com','Secadora LG','Vendo una secadora LG en muy buen estado esta como nueva, la vendo porque me mudo de piso y no puedo llevarmela, no porque este en mal estado ni nada ',true,200,'Hogar','Electrodomesticos','Lavadoras y secadoras','LG');
insert into anuncio (email,subject,content,estado,precio,atributo1,atributo2,atributo3,marca) values ('jose@virtualtrade.com','Camiseta Chicago Bulls, Jordan','Camiseta Chicago Bulls, de Michael Jordan, número 23 talla XL',true,65,'Deportes','Baloncesto','Ropa','Otros');
insert into anuncio (email,subject,content,estado,precio,atributo1,atributo2,atributo3,marca) values ('jose@virtualtrade.com','Camiseta Lakers, Magic','Camiseta Los Angeles Lakers, de Magic Johnson, número 32 talla XL',true,70,'Deportes','Baloncesto','Ropa','Adidas');




insert into imagen (anuncioid,urlimagen) values (1,'http://10.189.135.123/imgs/galaxy3_imagen1.jpg');
insert into imagen (anuncioid,urlimagen) values (1,'http://10.189.135.123/imgs/galaxy3_imagen2.jpg');
insert into imagen (anuncioid,urlimagen) values (2,'http://10.189.135.123/imgs/zapatilla_imagen1.jpg');
insert into imagen (anuncioid,urlimagen) values (3,'http://10.189.135.123/imgs/portatilhp_imagen1.jpg');
insert into imagen (anuncioid,urlimagen) values (3,'http://10.189.135.123/imgs/portatilhp_imagen2.jpg');
insert into imagen (anuncioid,urlimagen) values (3,'http://10.189.135.123/imgs/portatilhp_imagen3.jpg');
insert into imagen (anuncioid,urlimagen) values (4,'http://10.189.135.123/imgs/specialized_imagen1.jpg');
insert into imagen (anuncioid,urlimagen) values (4,'http://10.189.135.123/imgs/specialized_imagen2.jpg');
insert into imagen (anuncioid,urlimagen) values (5,'http://10.189.135.123/imgs/seat_imagen1.jpg');
insert into imagen (anuncioid,urlimagen) values (5,'http://10.189.135.123/imgs/seat_imagen2.jpg');
insert into imagen (anuncioid,urlimagen) values (6,'http://10.189.135.123/imgs/fary_imagen1.jpg');
insert into imagen (anuncioid,urlimagen) values (7,'http://10.189.135.123/imgs/mesa_salon_imagen1.jpg');
insert into imagen (anuncioid,urlimagen) values (8,'http://10.189.135.123/imgs/batamanta_imagen1.jpg');
insert into imagen (anuncioid,urlimagen) values (9,'http://10.189.135.123/imgs/televisor_samsung_imagen1.jpg');
insert into imagen (anuncioid,urlimagen) values (10,'http://10.189.135.123/imgs/mueble_salon_imagen1.jpg');
insert into imagen (anuncioid,urlimagen) values (11,'http://10.189.135.123/imgs/libro_lazarillo_imagen1.jpg');
insert into imagen (anuncioid,urlimagen) values (12,'http://10.189.135.123/imgs/lampara_imagen1.jpg');
insert into imagen (anuncioid,urlimagen) values (13,'http://10.189.135.123/imgs/comic_superman_imagen1.jpg');
insert into imagen (anuncioid,urlimagen) values (13,'http://10.189.135.123/imgs/comic_superman_imagen2.jpg');
insert into imagen (anuncioid,urlimagen) values (14,'http://10.189.135.123/imgs/comic_vengadores_imagen1.jpg');
insert into imagen (anuncioid,urlimagen) values (14,'http://10.189.135.123/imgs/comic_vengadores_imagen1.jpg');
insert into imagen (anuncioid,urlimagen) values (15,'http://10.189.135.123/imgs/pelicula_star_wars_imagen1.jpg');
insert into imagen (anuncioid,urlimagen) values (15,'http://10.189.135.123/imgs/pelicula_star_wars_imagen2.jpg');
insert into imagen (anuncioid,urlimagen) values (15,'http://10.189.135.123/imgs/pelicula_star_wars_imagen3.jpg');
insert into imagen (anuncioid,urlimagen) values (16,'http://10.189.135.123/imgs/lavadora_lg_imagen1.jpg');
insert into imagen (anuncioid,urlimagen) values (16,'http://10.189.135.123/imgs/lavadora_lg_imagen2.jpg');
insert into imagen (anuncioid,urlimagen) values (17,'http://10.189.135.123/imgs/secadora_lg_imagen1.jpg');
insert into imagen (anuncioid,urlimagen) values (17,'http://10.189.135.123/imgs/secadora_lg_imagen2.jpg');
insert into imagen (anuncioid,urlimagen) values (18,'http://10.189.135.123/imgs/camiseta_jordan_imagen1.jpg');
insert into imagen (anuncioid,urlimagen) values (18,'http://10.189.135.123/imgs/camiseta_jordan_imagen2.jpg');
insert into imagen (anuncioid,urlimagen) values (19,'http://10.189.135.123/imgs/camiseta_magic_imagen1.jpg');
insert into imagen (anuncioid,urlimagen) values (19,'http://10.189.135.123/imgs/camiseta_magic_imagen2.jpg');
insert into imagen (anuncioid,urlimagen) values (19,'http://10.189.135.123/imgs/camiseta_magic_imagen3.jpg');



insert into mensaje (emailorigen,emaildestino,anuncioid,subject,content) values ('arnau@virtualtrade.com','roxana@virtualtrade.com',8,'Interes en la batamanta','La batamanta me interesa para estas navidades me gustaria comprarla por 15 euros si estas de acuerdo responde');
insert into mensaje (emailorigen,emaildestino,anuncioid,subject,content) values ('roxana@virtualtrade.com','arnau@virtualtrade.com',8,'Re:Interes en la batamanta','Me parece bien');
insert into mensaje (emailorigen,emaildestino,anuncioid,subject,content) values ('arnau@virtualtrade.com','joan@virtualtrade.com',1,'Anuncio s3','Tengo interes en adquirir el s3 ponte en contacto conmigo por mail');
insert into mensaje (emailorigen,emaildestino,anuncioid,subject,content) values ('roxana@virtualtrade.com','arnau@virtualtrade.com',6,'Quiero el CD del Fary','Soy una gran fan del Fary y estoy muy interesada en ese cd, es original no?');
insert into mensaje (emailorigen,emaildestino,anuncioid,subject,content) values ('arnau@virtualtrade.com','roxana@virtualtrade.com',6,'Re:Quiero el CD del Fary','Sisi es totalmente original, ponte en contacto por mail y acabamos de concretar la venta');
insert into mensaje (emailorigen,emaildestino,anuncioid,subject,content) values ('joan@virtualtrade.com','arnau@virtualtrade.com',7,'Me interesa esa mesa','La mesa parece en muy buen estado me interesaria comprarla');
insert into mensaje (emailorigen,emaildestino,anuncioid,subject,content) values ('arnau@virtualtrade.com','joan@virtualtrade.com',7,'Respuesta a Me interesa esa mesa','Como puedes apreciar en las imagenes si esta en perfecto estado');