source anunciosdb-schema.sql;
insert into users (email, name, phone, ciudad, calle, numero, piso, puerta, banned, foto) values ('roxanamail','roxana','667123678','Castelldefels','Arcadi Balaguer','50','1','2',false,'http://spd.fotolog.com/photo/29/45/52/justpatricio/1244701851404_f.jpg');
insert into users (email, name, phone, ciudad, calle, numero, piso, puerta, banned, foto) values ('arnaumail','arnau','686379165','La Pobla de Lillet','Tercero de coromines','8','3','9',false,'http://i2.esmas.com/galerias/fotos/2009/7/_Bob-Esponja-10anos_3-64016b36-c444-102c-80b6-0019b9d5c8df.jpg');
insert into users (email, name, phone, ciudad, calle, numero, piso, puerta, banned, foto) values ('joanmail','joan','617646696','Ciutadella de Menorca','General Quadrado','5','2','7',false,'https://lh3.googleusercontent.com/-r2zQhwdYFRA/AAAAAAAAAAI/AAAAAAAAAEs/_ItBNFRE4T4/photo.jpg');
insert into users (email, name, phone, ciudad, calle, numero, piso, puerta, banned, foto) values ('josemail','jose','686370896','Barcelona','Passeig de Gracia','5','1','6',true,'http://www.latostadora.com/generados/tiendas/4075/dibujos/41908.jpg');


insert into anuncio (email,subject,content,estado,precio,atributo1,atributo2,atributo3,marca) values ('joanmail','galaxy s3','samsung galaxy s3 en perfecto estado',true,270,'Electronica','Moviles y telefonia','moviles','Samsung');
insert into anuncio (email,subject,content,estado,precio,atributo1,atributo2,atributo3,marca) values ('joanmail','zapatillas new balance','calzado running marca new balance número de pie 45',true,85,'deportes','atletismo','calzado','New balance');
insert into anuncio (email,subject,content,estado,precio,atributo1,atributo2,atributo3,marca) values ('arnaumail','Vendo portátil', 'En venta portátil casi nuevo en perfecto estado, está como el primer día', true, 400,'Electronica','Informatica','Portatiles','HP');
insert into anuncio (email,subject,content,estado,precio,atributo1,atributo2,atributo3,marca) values ('arnaumail','Vendo Bicicleta', 'En venta bicicleta de carretera en buen estado', true, 1200,'Deportes','Ciclismo','Bicicletas','Specialized');
insert into anuncio (email,subject,content,estado,precio,atributo1,atributo2,atributo3,marca) values ('arnaumail','Vendo coche', 'En venta coche menos de 100000 kilómetros', true, 9200,'Motor','Coches','Coches','Seat');
insert into anuncio (email,subject,content,estado,precio,atributo1,atributo2,atributo3,marca) values ('arnaumail','Vendo CD del Fary', 'En venta cd del Fary', true, 10,'Entretenimiento','Musica','CDs','Otros');
insert into anuncio (email,subject,content,estado,precio,atributo1,atributo2,atributo3,marca) values ('arnaumail','Vendo mesa de salón', 'En venta mesa de salón hecha polvo quien la quiera no sabe lo que hace', true, 100,'Hogar','Muebles','Mesas y escritorios','Otros');
insert into anuncio (email,subject,content,estado,precio,atributo1,atributo2,atributo3,marca) values ('roxanamail','Vendo batamanta','Es una comodísima y calentita Batamanta con dos brazos, que te permitirá utilizar las manos para realizar cualquier cosa mientras estás tapado.',true,20,'Hogar','Otros','Otros','Otros');
insert into anuncio (email,subject,content,estado,precio,atributo1,atributo2,atributo3,marca) values ('roxanamail','Televisor SAMSUNG 22". A ESTRENAR, EN SU CAJA ORIGINAL SIN ABRIR','TELEVISOR LED SAMSUNG UE22ES5000. Nuevo. Precintado por el fabricante.',true,150,'Electronica','Imagen y Sonido','TV','Samsung');
insert into anuncio (email,subject,content,estado,precio,atributo1,atributo2,atributo3,marca) values ('roxanamail','Mueble salón','FANTÁSTICO MUEBLE DE SALÓN MODULAR EN COLOR BLANCO NEGRO BRILLO CON EFECTO LACADO',true,110,'Hogar','Muebles','Muebles de salon','Otros');
insert into anuncio (email,subject,content,estado,precio,atributo1,atributo2,atributo3,marca) values ('roxanamail','Vendo libro  El Lazarrillo de Tormes',' Ideal para estudiantes al ser una lectura obligatoria.',true,10,'Entretenimiento','Libros y Comics','Libros','Otros');
insert into anuncio (email,subject,content,estado,precio,atributo1,atributo2,atributo3,marca) values ('roxanamail','Lámpara techo','Lampara Techo Nuevo Cromo Hojas de Vidrio Iluminacion Habitacion Salon Interior',true,40,'Hogar','Muebles','Iluminacion','Otros');
insert into anuncio (email,subject,content,estado,precio,atributo1,atributo2,atributo3,marca) values ('roxanamail','Lámpara techo2','Lampara Techo Nuevo Cromo Hojas de Vidrio Iluminacion Habitacion Salon Interior',true,40,'Hogar','Muebles','Iluminacion','Otros');
insert into anuncio (email,subject,content,estado,precio,atributo1,atributo2,atributo3,marca) values ('roxanamail','Lámpara techo3','Lampara Techo Nuevo Cromo Hojas de Vidrio Iluminacion Habitacion Salon Interior',true,40,'Hogar','Muebles','Iluminacion','Otros');
insert into anuncio (email,subject,content,estado,precio,atributo1,atributo2,atributo3,marca) values ('roxanamail','Lámpara techo4','Lampara Techo Nuevo Cromo Hojas de Vidrio Iluminacion Habitacion Salon Interior',true,40,'Hogar','Muebles','Iluminacion','Otros');
insert into anuncio (email,subject,content,estado,precio,atributo1,atributo2,atributo3,marca) values ('roxanamail','Lámpara techo5','Lampara Techo Nuevo Cromo Hojas de Vidrio Iluminacion Habitacion Salon Interior',true,40,'Hogar','Muebles','Iluminacion','Otros');
insert into anuncio (email,subject,content,estado,precio,atributo1,atributo2,atributo3,marca) values ('roxanamail','Lámpara techo6','Lampara Techo Nuevo Cromo Hojas de Vidrio Iluminacion Habitacion Salon Interior',true,40,'Hogar','Muebles','Iluminacion','Otros');
insert into anuncio (email,subject,content,estado,precio,atributo1,atributo2,atributo3,marca) values ('roxanamail','Lámpara techo7','Lampara Techo Nuevo Cromo Hojas de Vidrio Iluminacion Habitacion Salon Interior',true,40,'Hogar','Muebles','Iluminacion','Otros');
insert into anuncio (email,subject,content,estado,precio,atributo1,atributo2,atributo3,marca) values ('roxanamail','Lámpara techo8','Lampara Techo Nuevo Cromo Hojas de Vidrio Iluminacion Habitacion Salon Interior',true,40,'Hogar','Muebles','Iluminacion','Otros');
insert into anuncio (email,subject,content,estado,precio,atributo1,atributo2,atributo3,marca) values ('roxanamail','Lámpara techo9','Lampara Techo Nuevo Cromo Hojas de Vidrio Iluminacion Habitacion Salon Interior',true,40,'Hogar','Muebles','Iluminacion','Otros');
insert into anuncio (email,subject,content,estado,precio,atributo1,atributo2,atributo3,marca) values ('roxanamail','Lámpara techo10','Lampara Techo Nuevo Cromo Hojas de Vidrio Iluminacion Habitacion Salon Interior',true,40,'Hogar','Muebles','Iluminacion','Otros');
insert into anuncio (email,subject,content,estado,precio,atributo1,atributo2,atributo3,marca) values ('roxanamail','Lámpara techo11','Lampara Techo Nuevo Cromo Hojas de Vidrio Iluminacion Habitacion Salon Interior',true,40,'Hogar','Muebles','Iluminacion','Otros');
insert into anuncio (email,subject,content,estado,precio,atributo1,atributo2,atributo3,marca) values ('roxanamail','Lámpara techo12','Lampara Techo Nuevo Cromo Hojas de Vidrio Iluminacion Habitacion Salon Interior',true,40,'Hogar','Muebles','Iluminacion','Otros');
insert into anuncio (email,subject,content,estado,precio,atributo1,atributo2,atributo3,marca) values ('roxanamail','Lámpara techo13','Lampara Techo Nuevo Cromo Hojas de Vidrio Iluminacion Habitacion Salon Interior',true,40,'Hogar','Muebles','Iluminacion','Otros');




insert into imagen (anuncioid,urlimagen) values (1,'https://encrypted-tbn1.gstatic.com/images?q=tbn:ANd9GcSH2_69GuRkUnujLzhfelrC_DkJLzisDwB6WttcSU0__5jxGJhdpA');
insert into imagen (anuncioid,urlimagen) values (1,'https://encrypted-tbn2.gstatic.com/images?q=tbn:ANd9GcRmGUocV-PCX5QyQKzALpfTusuq_ff8alrrMmH84Q1QUlj6xKil2g');
insert into imagen (anuncioid,urlimagen) values (2,'https://encrypted-tbn3.gstatic.com/images?q=tbn:ANd9GcTI7pTqyU0CiAga7SjX3YfCCskjRIIt9s_mxbmTJas2LSiDLCY');
insert into imagen (anuncioid,urlimagen) values (3,'https://encrypted-tbn3.gstatic.com/images?q=tbn:ANd9GcTfcUdZJMzEiTLjBQwPGhofk5cqrRYIxB_87C1jwRGcqCVjFdpr');
insert into imagen (anuncioid,urlimagen) values (3,'https://encrypted-tbn0.gstatic.com/images?q=tbn:ANd9GcRut4IqlpPTwM77KAX3-xgGCf_Mpz7jQdyVtvBpLoiZb9Ay3afC');
insert into imagen (anuncioid,urlimagen) values (3,'https://encrypted-tbn3.gstatic.com/images?q=tbn:ANd9GcQEuay9QZ4p9y65iPn2PMH41cnuxpSxcnmF2MLgI_t2tCDJVVUy');
insert into imagen (anuncioid,urlimagen) values (4,'https://encrypted-tbn3.gstatic.com/images?q=tbn:ANd9GcSeiPKZ0N_ZTRyg-tCf-0cAtt8HdxR61MNzM5rkwWUqwRCZ90noPg');
insert into imagen (anuncioid,urlimagen) values (4,'https://encrypted-tbn2.gstatic.com/images?q=tbn:ANd9GcS_8SYz8YAOhsQEBnxcTj0GfKMKZEXBxSwnoFhzvM_PQ5lgbi-1iw');
insert into imagen (anuncioid,urlimagen) values (5,'https://encrypted-tbn3.gstatic.com/images?q=tbn:ANd9GcR66rY2iCrrSUwMyHG-X7E3hUFj36zf1CC8Qtho38EP3TMVSZoXiQ');
insert into imagen (anuncioid,urlimagen) values (5,'https://encrypted-tbn0.gstatic.com/images?q=tbn:ANd9GcRTbkf68Q1I0gjafQRCD3emlNBL2nOZJGZn2cnV1DwNK5U-U23h');
insert into imagen (anuncioid,urlimagen) values (6,'https://encrypted-tbn3.gstatic.com/images?q=tbn:ANd9GcQNsPdWYwVtIAyQZ72nDMjLPUTUOgOk9EpxaT9NWaxbxvh09GSnvQ');
insert into imagen (anuncioid,urlimagen) values (7,'https://encrypted-tbn1.gstatic.com/images?q=tbn:ANd9GcTeEO2g-0-Np2G2V34r7dOqgvahBbsGjX0Dlf5P4rOxxaiZwrqN');
insert into imagen (anuncioid,urlimagen) values (8,'https://encrypted-tbn1.gstatic.com/images?q=tbn:ANd9GcQJopalpQQmhJ5cGYkbwu_st8QaXtIg8KA_LuWT0TilSa1EJW7q');
insert into imagen (anuncioid,urlimagen) values (9,'https://encrypted-tbn2.gstatic.com/images?q=tbn:ANd9GcQgAq9xZiYzn0M30cmwiBesEZmwyGgxMS9meOquEUBjxB_zmk4b');
insert into imagen (anuncioid,urlimagen) values (10,'https://encrypted-tbn1.gstatic.com/images?q=tbn:ANd9GcSmwXa87wRZn32E_CBDMK58FClat_yFmN-SxTnY5NgHq27yWGxv');
insert into imagen (anuncioid,urlimagen) values (11,'https://encrypted-tbn2.gstatic.com/images?q=tbn:ANd9GcTj7vthgYD_giudDxZQfJ2wyN5KivD5yX4wUyHGOCEFJ4dxX40Y');
insert into imagen (anuncioid,urlimagen) values (12,'https://encrypted-tbn2.gstatic.com/images?q=tbn:ANd9GcTj7vthgYD_giudDxZQfJ2wyN5KivD5yX4wUyHGOCEFJ4dxX40Y');
insert into imagen (anuncioid,urlimagen) values  (13,'http://i.ebayimg.com/00/s/MTAwMFgxMDAw/z/AwwAAOxyTkJSST85/$T2eC16R,!y8E9s2fjK+7BSST84jtOw~~60_57.JPG');
insert into imagen (anuncioid,urlimagen) values  (14,'http://i.ebayimg.com/00/s/MTAwMFgxMDAw/z/AwwAAOxyTkJSST85/$T2eC16R,!y8E9s2fjK+7BSST84jtOw~~60_57.JPG');
insert into imagen (anuncioid,urlimagen) values  (15,'http://i.ebayimg.com/00/s/MTAwMFgxMDAw/z/AwwAAOxyTkJSST85/$T2eC16R,!y8E9s2fjK+7BSST84jtOw~~60_57.JPG');
insert into imagen (anuncioid,urlimagen) values  (16,'http://i.ebayimg.com/00/s/MTAwMFgxMDAw/z/AwwAAOxyTkJSST85/$T2eC16R,!y8E9s2fjK+7BSST84jtOw~~60_57.JPG');
insert into imagen (anuncioid,urlimagen) values  (17,'http://i.ebayimg.com/00/s/MTAwMFgxMDAw/z/AwwAAOxyTkJSST85/$T2eC16R,!y8E9s2fjK+7BSST84jtOw~~60_57.JPG');
insert into imagen (anuncioid,urlimagen) values  (18,'http://i.ebayimg.com/00/s/MTAwMFgxMDAw/z/AwwAAOxyTkJSST85/$T2eC16R,!y8E9s2fjK+7BSST84jtOw~~60_57.JPG');
insert into imagen (anuncioid,urlimagen) values  (19,'http://i.ebayimg.com/00/s/MTAwMFgxMDAw/z/AwwAAOxyTkJSST85/$T2eC16R,!y8E9s2fjK+7BSST84jtOw~~60_57.JPG');
insert into imagen (anuncioid,urlimagen) values  (20,'http://i.ebayimg.com/00/s/MTAwMFgxMDAw/z/AwwAAOxyTkJSST85/$T2eC16R,!y8E9s2fjK+7BSST84jtOw~~60_57.JPG');
insert into imagen (anuncioid,urlimagen) values  (21,'http://i.ebayimg.com/00/s/MTAwMFgxMDAw/z/AwwAAOxyTkJSST85/$T2eC16R,!y8E9s2fjK+7BSST84jtOw~~60_57.JPG');
insert into imagen (anuncioid,urlimagen) values  (22,'http://i.ebayimg.com/00/s/MTAwMFgxMDAw/z/AwwAAOxyTkJSST85/$T2eC16R,!y8E9s2fjK+7BSST84jtOw~~60_57.JPG');
insert into imagen (anuncioid,urlimagen) values  (23,'http://i.ebayimg.com/00/s/MTAwMFgxMDAw/z/AwwAAOxyTkJSST85/$T2eC16R,!y8E9s2fjK+7BSST84jtOw~~60_57.JPG');
insert into imagen (anuncioid,urlimagen) values  (24,'http://i.ebayimg.com/00/s/MTAwMFgxMDAw/z/AwwAAOxyTkJSST85/$T2eC16R,!y8E9s2fjK+7BSST84jtOw~~60_57.JPG');


insert into mensaje (emailorigen,emaildestino,anuncioid,subject,content) values ('arnaumail','roxanamail',8,'Interes en la batamanta','La batamanta me interesa para estas navidades me gustaria comprarla por 15 euros si estas de acuerdo responde');
insert into mensaje (emailorigen,emaildestino,anuncioid,subject,content) values ('roxanamail','arnaumail',8,'Re:Interes en la batamanta','Me parece bien');
insert into mensaje (emailorigen,emaildestino,anuncioid,subject,content) values ('arnaumail','joanmail',1,'Anuncio s3','Tengo interes en adquirir el s3 ponte en contacto conmigo por mail');
insert into mensaje (emailorigen,emaildestino,anuncioid,subject,content) values ('roxanamail','arnaumail',6,'Quiero el CD del Fary','Soy una gran fan del Fary y estoy muy interesada en ese cd, es original no?');
insert into mensaje (emailorigen,emaildestino,anuncioid,subject,content) values ('arnaumail','roxanamail',6,'Re:Quiero el CD del Fary','Sisi es totalmente original, ponte en contacto por mail y acabamos de concretar la venta');
insert into mensaje (emailorigen,emaildestino,anuncioid,subject,content) values ('joanmail','arnaumail',7,'Me interesa esa mesa','La mesa parece en muy buen estado me interesaria comprarla');
insert into mensaje (emailorigen,emaildestino,anuncioid,subject,content) values ('arnaumail','joanmail',7,'Re: Me interesa esa mesa','Como puedes apreciar en las imagenes si esta en perfecto estado');
